{"cameraMode":{"drawMode":0,"name":"Shaded","section":"Shading Mode"},"sceneLighting":true,"audioPlay":false,"sceneViewState":{"showFog":false,"showMaterialUpdate":true,"showSkybox":false,"showFlares":true,"showImageEffects":true,"showParticleSystems":true},"in2DMode":false,"pivot":{"x":41.49605178833008,"y":-17.773277282714845,"z":82.91259002685547},"rotation":{"x":0.02689262479543686,"y":0.5895462036132813,"z":-0.01964515633881092,"w":0.8070477843284607},"size":214.49090576171876,"orthographic":false}