{"cameraMode":{"drawMode":0,"name":"Shaded","section":"Shading Mode"},"sceneLighting":true,"audioPlay":false,"sceneViewState":{"showFog":false,"showMaterialUpdate":true,"showSkybox":false,"showFlares":true,"showImageEffects":true,"showParticleSystems":true},"in2DMode":false,"pivot":{"x":270.2022399902344,"y":-168.59121704101563,"z":1747.34814453125},"rotation":{"x":0.12894383072853089,"y":-0.009516962803900242,"z":0.0012374105863273144,"w":0.9916054606437683},"size":3406.04638671875,"orthographic":false}